payment_id,trip_id,amount,method,status,reference,created_at
1,1,99.01,CARD,FAILED,RHP20251003-LN326V,2023-10-18 22:02:52
2,2,64.26,CARD,FAILED,RHP20251003-FBCEVL,2024-02-20 20:45:57
3,3,115.86,WALLET,FAILED,RHP20251003-KIJ9NZ,2025-07-12 12:25:44
4,4,85.8,UPI,FAILED,RHP20251003-B2X9LY,2025-01-16 03:19:29
5,5,25.5,UPI,FAILED,RHP20251003-6F5JRT,2024-03-13 18:03:10
6,6,106.57,CASH,PENDING,RHP20251003-7O6P3V,2025-05-09 07:56:57
7,7,104.86,WALLET,SUCCESS,RHP20251003-71MHB2,2024-04-13 16:48:22
8,8,85.92,CASH,FAILED,RHP20251003-C8RTV3,2025-03-15 09:48:52
9,9,170.54,WALLET,PENDING,RHP20251003-9C398D,2024-01-19 03:46:59
10,10,245.31,WALLET,FAILED,RHP20251003-2UB5DL,2023-06-18 04:18:15
11,11,166.26,CARD,FAILED,RHP20251003-YB0ORU,2025-04-23 20:31:27
12,12,63.95,CARD,SUCCESS,RHP20251003-I48UCA,2023-08-16 23:25:17
13,13,81.6,UPI,FAILED,RHP20251003-MEW19F,2024-03-01 08:41:57
14,14,111.89,WALLET,PENDING,RHP20251003-BUM8O4,2023-05-26 19:19:44
15,15,41.33,WALLET,FAILED,RHP20251003-1KU3HO,2025-02-06 10:17:47
16,16,74.76,CASH,FAILED,RHP20251003-80HY98,2025-01-10 10:54:13
17,17,125.64,CASH,FAILED,RHP20251003-0SD3OV,2023-12-21 10:56:33
18,18,81.36,WALLET,FAILED,RHP20251003-Q6Y74Z,2024-08-22 11:01:52
19,19,83.81,CASH,FAILED,RHP20251003-8U178Y,2023-04-07 14:57:12
20,20,125.28,UPI,PENDING,RHP20251003-U74APG,2024-11-02 01:40:26
21,21,137.7,CASH,FAILED,RHP20251003-F0W82W,2025-02-27 09:01:57
22,22,85.47,CASH,FAILED,RHP20251003-3F41AM,2025-03-16 10:37:38
23,23,88.74,UPI,FAILED,RHP20251003-XOW5TY,2024-03-13 23:45:51
24,24,34.56,WALLET,FAILED,RHP20251003-M95B9W,2023-04-21 16:19:47
25,25,53.36,UPI,SUCCESS,RHP20251003-0PNXJF,2024-11-02 08:53:54
26,26,102.85,CARD,SUCCESS,RHP20251003-LPV59R,2025-03-02 14:44:52
27,27,150.3,CASH,FAILED,RHP20251003-3M3YAK,2023-12-20 01:31:21
28,28,87.58,CASH,PENDING,RHP20251003-HZV8FU,2024-04-03 16:14:48
29,29,234.03,CASH,FAILED,RHP20251003-1LIZOG,2024-01-12 22:10:46
30,30,43.2,CARD,PENDING,RHP20251003-08IKDC,2024-02-12 03:06:12
31,31,98.43,CASH,FAILED,RHP20251003-4TEM6X,2023-11-23 16:03:34
32,32,65.16,CARD,PENDING,RHP20251003-7D68MX,2024-03-24 04:27:15
33,33,114.44,CARD,PENDING,RHP20251003-OV4GG9,2024-04-14 14:45:59
34,34,98.09,UPI,FAILED,RHP20251003-EU1ABS,2023-11-07 02:24:24
35,35,153.33,WALLET,FAILED,RHP20251003-2DN8TK,2024-04-18 09:23:48
36,36,91.26,CARD,PENDING,RHP20251003-YEDKRB,2024-01-27 21:25:40
37,37,72.64,CARD,FAILED,RHP20251003-YUH920,2023-11-03 22:39:01
38,38,131.38,UPI,PENDING,RHP20251003-GJSLVV,2025-06-07 10:18:21
39,39,116.15,CARD,PENDING,RHP20251003-E3BVTL,2023-05-03 21:22:13
40,40,122.11,UPI,SUCCESS,RHP20251003-RQTYRP,2024-11-02 16:19:00
41,41,61.2,UPI,SUCCESS,RHP20251003-2XEOAH,2025-07-07 01:46:34
42,42,118.52,UPI,FAILED,RHP20251003-BSIIDX,2024-05-20 04:31:41
43,43,101.39,CASH,SUCCESS,RHP20251003-VMO0ZX,2024-06-12 06:55:55
44,44,95.58,CASH,PENDING,RHP20251003-OGDOTI,2024-05-10 03:08:21
45,45,163.2,WALLET,PENDING,RHP20251003-JUFSLF,2025-02-06 19:15:31
46,46,82.22,UPI,SUCCESS,RHP20251003-WBQS8K,2023-07-18 09:39:57
47,47,138.31,WALLET,FAILED,RHP20251003-UEEF9G,2023-12-02 13:04:52
48,48,79.05,CASH,FAILED,RHP20251003-CJZT6L,2023-06-11 21:05:46
49,49,120.06,CASH,PENDING,RHP20251003-MV2UYN,2024-11-20 05:35:33
50,50,154.26,UPI,PENDING,RHP20251003-L5G7IS,2023-01-18 11:41:28
51,51,113.05,UPI,PENDING,RHP20251003-GQXEDG,2024-12-31 13:42:03
52,52,68.17,UPI,SUCCESS,RHP20251003-SY3R82,2024-09-26 10:31:11
53,53,77.88,CASH,FAILED,RHP20251003-7DDBKF,2023-11-27 06:14:48
54,54,171.82,WALLET,FAILED,RHP20251003-3PCMNC,2025-01-25 00:54:17
55,55,128.41,CASH,PENDING,RHP20251003-D1NVIQ,2024-01-31 23:08:28
56,56,58.06,CASH,FAILED,RHP20251003-OFF4V2,2023-02-26 10:26:38
57,57,56.28,CARD,SUCCESS,RHP20251003-PVY3BI,2023-01-19 16:04:31
58,58,85.26,UPI,FAILED,RHP20251003-7OB8ZK,2024-04-18 05:53:19
59,59,118.97,UPI,PENDING,RHP20251003-17U6UT,2024-12-07 14:20:03
60,60,134.51,CARD,SUCCESS,RHP20251003-1U1V9C,2023-03-15 10:13:13
61,61,111.31,WALLET,SUCCESS,RHP20251003-GRPIKS,2023-05-11 07:21:46
62,62,71.86,CARD,SUCCESS,RHP20251003-O5YFEB,2024-02-18 05:14:34
63,63,29.72,WALLET,PENDING,RHP20251003-NSSYUF,2023-06-14 17:02:36
64,64,140.22,UPI,FAILED,RHP20251003-XTZE1A,2024-03-11 12:37:15
65,65,110.88,WALLET,FAILED,RHP20251003-N869BS,2025-05-24 21:58:05
66,66,81.26,WALLET,FAILED,RHP20251003-NIEWOH,2025-02-22 22:05:51
67,67,98.09,UPI,FAILED,RHP20251003-2ZBFRN,2025-05-02 17:55:43
68,68,91.35,CARD,FAILED,RHP20251003-UOGMZ3,2025-02-12 09:41:37
69,69,109.58,CASH,FAILED,RHP20251003-BJSFG1,2024-06-21 04:54:58
70,70,171.16,CASH,FAILED,RHP20251003-0N51BV,2024-05-28 06:20:05
71,71,37.68,CARD,PENDING,RHP20251003-RZZSQ0,2024-05-17 21:36:07
72,72,188.95,CARD,PENDING,RHP20251003-EFBRUA,2024-01-15 06:52:34
73,73,115.26,CARD,FAILED,RHP20251003-J9ZB8R,2023-05-09 00:20:43
74,74,93.96,UPI,SUCCESS,RHP20251003-ZQP5DS,2023-01-20 09:41:26
75,75,92.16,CARD,PENDING,RHP20251003-86WRZJ,2023-11-26 05:23:07
76,76,122.69,CARD,FAILED,RHP20251003-5EZ1WU,2024-11-23 22:13:47
77,77,150.91,WALLET,PENDING,RHP20251003-8PJ7W4,2025-06-20 02:33:53
78,78,78.88,CASH,FAILED,RHP20251003-P6N22R,2023-04-08 23:18:04
79,79,74.12,CARD,FAILED,RHP20251003-E4M097,2023-08-13 17:17:13
80,80,164.2,CARD,SUCCESS,RHP20251003-MFSGTO,2024-06-22 10:27:18
81,81,145.08,UPI,FAILED,RHP20251003-MWH8M8,2024-08-14 15:24:03
82,82,186.15,WALLET,PENDING,RHP20251003-HAYCWE,2024-03-17 05:31:22
83,83,14.54,CASH,SUCCESS,RHP20251003-Z503AN,2023-10-28 16:37:57
84,84,84.39,CASH,PENDING,RHP20251003-FD5LAT,2025-01-12 02:10:15
85,85,89.96,CASH,PENDING,RHP20251003-RSFB00,2025-04-26 21:57:21
86,86,68.64,CASH,PENDING,RHP20251003-KT9NV4,2023-12-20 18:37:14
87,87,179.01,CASH,FAILED,RHP20251003-ZXOL7P,2024-04-24 20:15:10
88,88,85.39,UPI,PENDING,RHP20251003-JWEIXX,2024-03-16 02:08:06
89,89,124.99,CASH,FAILED,RHP20251003-KHR9QD,2025-01-27 23:27:24
90,90,86.98,UPI,PENDING,RHP20251003-NXXTL2,2024-11-22 12:14:20
91,91,42.11,WALLET,PENDING,RHP20251003-9ZZJEA,2025-05-08 00:07:21
92,92,73.44,WALLET,FAILED,RHP20251003-MPOWYT,2025-05-06 22:45:55
93,93,43.8,UPI,FAILED,RHP20251003-VMK5C8,2023-02-08 17:33:21
94,94,116.11,WALLET,FAILED,RHP20251003-E51IKD,2023-07-01 12:19:56
95,95,91.93,UPI,PENDING,RHP20251003-F0XXI8,2024-12-24 19:21:26
96,96,141.3,WALLET,FAILED,RHP20251003-2628UN,2024-07-21 01:11:45
97,97,66.84,CASH,PENDING,RHP20251003-S20DWD,2023-04-20 19:47:30
98,98,106.28,CARD,PENDING,RHP20251003-ONX336,2024-10-30 08:41:07
99,99,153.65,CARD,PENDING,RHP20251003-CKJ7QC,2023-08-15 23:19:35
100,100,216.5,WALLET,PENDING,RHP20251003-OQ86MZ,2024-05-02 09:44:58
101,101,136.44,WALLET,SUCCESS,RHP20251003-J5IMBW,2023-08-23 04:46:38
102,102,189.98,WALLET,PENDING,RHP20251003-3986G6,2024-11-02 03:50:23
103,103,84.96,WALLET,PENDING,RHP20251003-9B03M2,2023-08-09 18:58:39
104,104,93.89,CARD,PENDING,RHP20251003-EFG73E,2025-01-01 03:52:25
105,105,126.59,CASH,PENDING,RHP20251003-ADX21M,2025-04-24 03:00:31
106,106,60.72,CARD,PENDING,RHP20251003-UL158D,2023-08-18 19:47:43
107,107,124.44,WALLET,PENDING,RHP20251003-A49KJF,2023-03-15 13:24:01
108,108,192.52,CASH,SUCCESS,RHP20251003-5UO56Q,2024-02-12 01:19:04
109,109,113.68,UPI,SUCCESS,RHP20251003-NNHFJY,2024-03-24 06:57:38
110,110,161.67,CARD,PENDING,RHP20251003-HBWM58,2025-03-04 00:11:38
111,111,74.04,UPI,PENDING,RHP20251003-7TCOI3,2024-10-14 16:48:01
112,112,104.04,CARD,SUCCESS,RHP20251003-ITQVPB,2025-03-06 11:55:55
113,113,87.58,UPI,FAILED,RHP20251003-YEQX0Q,2023-07-24 21:15:58
114,114,86.95,WALLET,PENDING,RHP20251003-6HMSO1,2024-09-04 20:43:36
115,115,97.31,CARD,FAILED,RHP20251003-BSLIRZ,2025-04-06 21:42:54
116,116,83.28,WALLET,PENDING,RHP20251003-U3S690,2023-12-29 17:44:24
117,117,122.2,CARD,PENDING,RHP20251003-SSTAFH,2024-02-29 04:54:26
118,118,191.76,CARD,PENDING,RHP20251003-4X7F1X,2025-06-13 03:03:14
119,119,105.47,WALLET,PENDING,RHP20251003-CHONHN,2023-06-01 02:20:19
120,120,84.66,UPI,FAILED,RHP20251003-DZ2VQH,2023-11-04 18:12:51
121,121,54.0,CARD,PENDING,RHP20251003-RXRM2J,2023-11-27 15:43:52
122,122,80.47,WALLET,FAILED,RHP20251003-MVRQOP,2023-03-25 18:39:43
123,123,135.9,CASH,FAILED,RHP20251003-MZDEUR,2023-05-16 17:43:47
124,124,143.55,CASH,PENDING,RHP20251003-UA6J14,2024-10-02 06:37:03
125,125,105.66,CASH,PENDING,RHP20251003-72YDD3,2024-03-17 08:07:50
126,126,171.16,WALLET,FAILED,RHP20251003-SP3SJA,2024-06-28 08:35:14
127,127,83.66,UPI,FAILED,RHP20251003-QH4LI9,2024-06-18 14:17:28
128,128,121.38,UPI,FAILED,RHP20251003-RJ36Z6,2023-06-24 04:37:45
129,129,53.8,CARD,FAILED,RHP20251003-W0ZNVS,2024-06-16 04:13:42
130,130,191.5,CARD,FAILED,RHP20251003-GJI444,2025-06-09 13:00:45
131,131,173.15,UPI,PENDING,RHP20251003-VWT4JI,2025-04-03 13:08:39
132,132,111.78,CARD,PENDING,RHP20251003-EE92MR,2023-03-30 12:08:00
133,133,78.3,CASH,PENDING,RHP20251003-8DA17F,2025-01-27 13:48:53
134,134,113.58,CARD,PENDING,RHP20251003-Z693E6,2023-07-10 19:32:50
135,135,113.04,UPI,FAILED,RHP20251003-302GEJ,2024-07-10 01:46:07
136,136,63.8,CASH,FAILED,RHP20251003-AHHJO5,2025-07-28 15:02:24
137,137,123.0,CASH,FAILED,RHP20251003-JFQ3T1,2025-03-31 17:22:06
138,138,84.83,UPI,SUCCESS,RHP20251003-E92P3K,2025-06-20 03:58:29
139,139,153.82,CARD,FAILED,RHP20251003-IHIEXV,2025-05-18 22:51:03
140,140,57.36,UPI,PENDING,RHP20251003-FJ99SU,2023-10-17 06:11:32
141,141,76.5,WALLET,FAILED,RHP20251003-PG73FH,2023-08-30 08:41:37
142,142,101.64,CARD,FAILED,RHP20251003-J6YIII,2025-02-08 22:19:18
143,143,58.0,UPI,FAILED,RHP20251003-N17KM6,2025-06-21 22:03:36
144,144,95.17,CARD,PENDING,RHP20251003-CXXLKR,2024-10-02 11:37:06
145,145,143.76,WALLET,SUCCESS,RHP20251003-STRMQK,2023-06-14 05:06:27
146,146,104.4,WALLET,PENDING,RHP20251003-4H1V62,2025-07-08 04:32:38
147,147,148.78,CASH,FAILED,RHP20251003-DQU7JD,2023-03-10 02:41:49
148,148,159.88,UPI,SUCCESS,RHP20251003-S7FVVY,2024-06-22 16:36:59
149,149,121.63,UPI,FAILED,RHP20251003-UANK4M,2023-05-28 13:21:52
150,150,109.19,WALLET,FAILED,RHP20251003-K2UCUB,2023-12-18 22:01:21
151,151,119.52,WALLET,SUCCESS,RHP20251003-6EO3DW,2025-07-17 23:17:00
152,152,59.93,UPI,FAILED,RHP20251003-NXYCF4,2023-12-23 15:36:37
153,153,86.54,CASH,FAILED,RHP20251003-B4PT2R,2024-08-28 00:30:48
154,154,90.12,WALLET,PENDING,RHP20251003-MDXE76,2024-12-30 09:05:06
155,155,152.46,WALLET,PENDING,RHP20251003-LJPQLI,2025-03-20 19:44:07
156,156,120.97,CARD,FAILED,RHP20251003-Y70FQJ,2024-10-26 23:26:06
157,157,157.08,UPI,PENDING,RHP20251003-EIAF79,2024-07-30 00:51:24
158,158,153.0,WALLET,SUCCESS,RHP20251003-UEWTGG,2023-01-01 11:43:51
159,159,80.07,CARD,SUCCESS,RHP20251003-F0HBRM,2023-07-20 19:10:37
160,160,136.17,WALLET,FAILED,RHP20251003-AA2O8N,2024-04-06 03:49:54
161,161,58.44,CASH,FAILED,RHP20251003-84MF0Z,2023-10-14 03:52:54
162,162,51.6,WALLET,FAILED,RHP20251003-9JK0MB,2024-03-03 11:57:15
163,163,86.36,CASH,FAILED,RHP20251003-BO89CI,2024-01-02 16:50:14
164,164,103.22,UPI,PENDING,RHP20251003-PH0VFP,2023-03-21 14:29:19
165,165,135.0,UPI,SUCCESS,RHP20251003-UH4O5O,2023-07-16 07:27:59
166,166,129.96,CASH,FAILED,RHP20251003-NKBA1P,2024-04-18 15:30:50
167,167,112.4,CARD,FAILED,RHP20251003-1MIVC4,2024-05-21 01:49:21
168,168,160.14,CARD,PENDING,RHP20251003-NF2SBI,2024-08-11 12:41:42
169,169,84.97,WALLET,FAILED,RHP20251003-IP27ZX,2024-12-02 11:22:36
170,170,72.73,CASH,SUCCESS,RHP20251003-P4S8U6,2023-04-06 02:24:08
171,171,36.86,CARD,PENDING,RHP20251003-LGNBMU,2025-07-04 23:21:05
172,172,60.46,WALLET,PENDING,RHP20251003-46X4IC,2024-12-14 04:16:21
173,173,55.68,UPI,PENDING,RHP20251003-BCPBOY,2024-01-31 08:41:50
174,174,94.75,CARD,SUCCESS,RHP20251003-N4AH9G,2024-10-02 04:40:21
175,175,91.34,WALLET,PENDING,RHP20251003-RQ69H1,2025-06-21 08:07:44
176,176,185.03,CASH,PENDING,RHP20251003-HOQ384,2025-05-01 18:05:47
177,177,125.26,CASH,PENDING,RHP20251003-W320SS,2025-06-04 07:43:19
178,178,108.17,CASH,FAILED,RHP20251003-A9URDI,2025-07-16 03:15:49
179,179,130.81,CASH,SUCCESS,RHP20251003-H6SGK1,2023-05-18 23:46:41
180,180,106.08,WALLET,PENDING,RHP20251003-TUJZ4I,2025-05-23 14:39:18
181,181,82.11,CARD,PENDING,RHP20251003-D1P99V,2024-12-17 06:45:26
182,182,131.66,CARD,PENDING,RHP20251003-G7T2WU,2025-07-04 17:00:33
183,183,102.38,WALLET,FAILED,RHP20251003-AT1E1G,2024-03-06 17:44:18
184,184,108.58,WALLET,SUCCESS,RHP20251003-40BH7D,2024-03-03 02:51:56
185,185,75.96,CARD,SUCCESS,RHP20251003-UJN4Y8,2024-06-23 05:54:51
186,186,95.76,UPI,PENDING,RHP20251003-3OHYGQ,2024-09-18 00:05:31
187,187,83.88,CARD,FAILED,RHP20251003-MPY4T1,2024-10-25 07:34:08
188,188,103.82,WALLET,PENDING,RHP20251003-NVFUT0,2025-01-19 00:45:21
189,189,91.32,WALLET,FAILED,RHP20251003-IK63BG,2025-02-11 02:19:58
190,190,99.96,CARD,PENDING,RHP20251003-5VVI1G,2024-08-10 11:51:45
191,191,150.86,WALLET,SUCCESS,RHP20251003-8F7UZI,2023-02-18 22:03:42
192,192,149.22,WALLET,PENDING,RHP20251003-QIIGXL,2025-02-02 17:11:08
193,193,149.64,CASH,FAILED,RHP20251003-TI98KX,2023-08-24 23:54:04
194,194,121.54,UPI,SUCCESS,RHP20251003-17WPN6,2025-06-10 04:58:30
195,195,120.97,WALLET,PENDING,RHP20251003-26LSGY,2023-02-09 04:01:24
196,196,62.1,WALLET,PENDING,RHP20251003-Y5HN1C,2024-09-03 14:54:23
197,197,117.13,CASH,SUCCESS,RHP20251003-F1SMVZ,2024-05-28 22:47:43
198,198,106.49,WALLET,PENDING,RHP20251003-OCTOZF,2024-05-15 23:54:03
199,199,110.93,WALLET,FAILED,RHP20251003-RHHRK0,2024-09-02 23:59:09
200,200,78.72,CASH,FAILED,RHP20251003-4INU5O,2023-03-01 19:55:30
201,201,145.52,UPI,PENDING,RHP20251003-NNZD73,2024-09-23 03:28:44
202,202,59.68,CASH,FAILED,RHP20251003-Q82OWG,2023-03-20 20:43:06
203,203,21.46,CARD,PENDING,RHP20251003-QW94MT,2023-04-03 08:45:19
204,204,112.2,CARD,SUCCESS,RHP20251003-YKYTSG,2023-02-24 02:45:49
205,205,71.28,WALLET,PENDING,RHP20251003-2X6F07,2023-04-30 22:17:18
206,206,121.36,UPI,PENDING,RHP20251003-SR039G,2025-04-07 10:33:21
207,207,60.59,WALLET,PENDING,RHP20251003-97GHYV,2024-12-29 23:26:08
208,208,98.02,UPI,SUCCESS,RHP20251003-OJ06HP,2025-02-23 17:45:56
209,209,52.64,CASH,PENDING,RHP20251003-EIZAFA,2023-08-09 17:09:00
210,210,79.52,CASH,PENDING,RHP20251003-NFW0BN,2025-05-03 20:46:22
211,211,133.21,WALLET,FAILED,RHP20251003-8DX3D8,2023-01-23 07:28:58
212,212,125.87,CARD,SUCCESS,RHP20251003-BUHFIJ,2024-01-27 08:51:54
213,213,95.04,UPI,PENDING,RHP20251003-G8ENE5,2024-04-05 10:43:19
214,214,162.17,UPI,FAILED,RHP20251003-25GCRU,2024-10-15 15:49:01
215,215,125.97,CASH,FAILED,RHP20251003-TPNWNO,2023-06-22 02:23:26
216,216,107.42,WALLET,PENDING,RHP20251003-7PWTQY,2025-01-19 17:35:11
217,217,107.86,WALLET,PENDING,RHP20251003-8QO1Q3,2023-01-05 02:28:18
218,218,103.43,WALLET,SUCCESS,RHP20251003-TX52T0,2024-04-02 14:27:42
219,219,207.47,UPI,FAILED,RHP20251003-GNAU4W,2023-04-12 23:27:59
220,220,251.17,UPI,PENDING,RHP20251003-3CES9D,2025-05-09 21:00:50
221,221,69.7,CARD,FAILED,RHP20251003-8VGYX2,2025-01-30 20:26:53
222,222,151.57,CARD,FAILED,RHP20251003-WFKHLB,2023-05-06 20:12:54
223,223,100.92,CARD,PENDING,RHP20251003-VOLLC4,2023-02-10 08:01:11
224,224,156.78,WALLET,FAILED,RHP20251003-9MKB2G,2023-11-01 18:33:58
225,225,93.96,CARD,FAILED,RHP20251003-C4XLBG,2023-04-20 03:34:28
226,226,67.68,CASH,FAILED,RHP20251003-2ZHTA0,2024-07-19 21:14:01
227,227,116.79,CARD,PENDING,RHP20251003-42L0HD,2024-06-28 23:09:27
228,228,53.82,CASH,SUCCESS,RHP20251003-6AOTUE,2024-08-16 00:24:16
229,229,123.39,CASH,SUCCESS,RHP20251003-E6Z4YF,2025-03-21 15:05:43
230,230,233.78,CARD,PENDING,RHP20251003-Q7ZTCX,2023-01-05 11:25:25
231,231,53.55,CARD,FAILED,RHP20251003-R9MPVJ,2023-02-10 06:07:01
232,232,103.02,UPI,FAILED,RHP20251003-X165XB,2023-10-20 20:01:56
233,233,175.19,WALLET,PENDING,RHP20251003-18249G,2024-11-13 15:12:14
234,234,124.84,CASH,PENDING,RHP20251003-5IHUG0,2024-09-17 04:26:57
235,235,116.41,CASH,FAILED,RHP20251003-PEON8X,2023-08-20 04:42:19
236,236,36.43,CARD,PENDING,RHP20251003-CCE6HD,2025-07-08 18:31:19
237,237,96.23,UPI,FAILED,RHP20251003-3KRMQH,2023-01-02 22:24:43
238,238,20.74,CASH,PENDING,RHP20251003-83ZY5F,2024-12-05 19:40:43
239,239,103.97,CARD,PENDING,RHP20251003-HE8BPR,2024-02-21 00:58:15
240,240,111.74,WALLET,FAILED,RHP20251003-TM9OZP,2023-10-11 20:57:02
241,241,145.86,WALLET,SUCCESS,RHP20251003-K1UTON,2025-04-05 03:50:24
242,242,126.82,UPI,PENDING,RHP20251003-HEXLIZ,2023-03-13 14:24:36
243,243,75.91,CARD,PENDING,RHP20251003-ACGIVN,2024-09-10 07:32:38
244,244,72.21,WALLET,FAILED,RHP20251003-1Q655Y,2023-04-20 23:56:41
245,245,95.27,CASH,SUCCESS,RHP20251003-X7U6MF,2023-10-22 13:22:01
246,246,91.44,UPI,FAILED,RHP20251003-UNLBXR,2023-07-15 16:50:42
247,247,133.62,WALLET,FAILED,RHP20251003-5S8014,2025-07-17 06:06:50
248,248,152.28,CARD,SUCCESS,RHP20251003-5MJJ2Z,2023-11-23 09:22:20
249,249,187.17,CARD,FAILED,RHP20251003-NWAAUX,2024-11-28 00:36:43
250,250,100.64,CARD,PENDING,RHP20251003-TYLG71,2025-04-22 01:42:51
251,251,62.42,UPI,PENDING,RHP20251003-0NAB9L,2024-02-06 02:42:44
252,252,72.0,CARD,PENDING,RHP20251003-KNQ6IK,2024-11-15 09:18:59
253,253,123.68,CASH,PENDING,RHP20251003-35FWBE,2024-03-30 07:55:43
254,254,49.86,WALLET,SUCCESS,RHP20251003-L8ELSY,2023-09-07 16:55:11
255,255,130.5,UPI,FAILED,RHP20251003-NI09ZL,2023-07-09 04:02:04
256,256,108.41,CASH,SUCCESS,RHP20251003-CZI08Y,2025-03-23 01:26:55
257,257,138.24,UPI,FAILED,RHP20251003-6C2YU6,2023-03-09 13:00:15
258,258,144.85,UPI,FAILED,RHP20251003-H50CHA,2025-03-25 12:14:16
259,259,129.05,CASH,PENDING,RHP20251003-PKKJX4,2024-06-13 12:36:06
260,260,152.8,UPI,SUCCESS,RHP20251003-J8H3R4,2023-02-09 03:25:16
261,261,67.72,UPI,PENDING,RHP20251003-HVGFQD,2025-05-25 02:28:30
262,262,76.92,UPI,FAILED,RHP20251003-42ACWG,2023-06-21 00:32:44
263,263,94.61,UPI,SUCCESS,RHP20251003-1F9Z3O,2024-04-17 22:23:32
264,264,153.64,UPI,FAILED,RHP20251003-1IJDC5,2023-12-21 13:57:22
265,265,77.0,CARD,PENDING,RHP20251003-HR068I,2024-01-19 06:05:43
266,266,93.89,UPI,FAILED,RHP20251003-W7A7CU,2024-01-07 00:31:30
267,267,66.12,WALLET,FAILED,RHP20251003-WV5I48,2023-10-05 03:25:55
268,268,185.13,CASH,PENDING,RHP20251003-VX9X0V,2025-01-22 20:14:36
269,269,105.48,CASH,SUCCESS,RHP20251003-L9XV9R,2025-01-14 18:35:04
270,270,39.84,CASH,FAILED,RHP20251003-9C5UMC,2025-05-02 11:13:48
271,271,144.0,CARD,PENDING,RHP20251003-SYDN74,2023-05-22 07:03:14
272,272,91.29,CARD,PENDING,RHP20251003-1AT3PH,2024-12-25 18:26:11
273,273,88.59,WALLET,FAILED,RHP20251003-V8UMB8,2024-04-29 09:02:56
274,274,60.18,WALLET,SUCCESS,RHP20251003-XBG6XM,2024-04-02 11:47:41
275,275,98.93,CARD,FAILED,RHP20251003-85RX8L,2025-03-20 18:18:58
276,276,159.32,WALLET,PENDING,RHP20251003-AC7ZCO,2024-09-27 05:20:32
277,277,272.59,UPI,FAILED,RHP20251003-9FXPUD,2024-03-12 09:15:27
278,278,128.7,UPI,PENDING,RHP20251003-N18NC7,2023-02-20 17:15:02
279,279,99.28,CASH,FAILED,RHP20251003-1HELA1,2024-09-06 22:57:11
280,280,104.4,CARD,SUCCESS,RHP20251003-8Q1O2S,2023-09-12 00:58:54
281,281,69.12,CASH,SUCCESS,RHP20251003-BISMU3,2023-12-21 22:01:05
282,282,94.86,WALLET,FAILED,RHP20251003-D04DFT,2023-11-01 13:05:32
283,283,119.85,CASH,PENDING,RHP20251003-PL5QM8,2024-02-15 13:19:35
284,284,164.98,UPI,FAILED,RHP20251003-K02RWE,2023-07-21 19:00:48
285,285,118.97,CASH,SUCCESS,RHP20251003-UVQANT,2025-03-24 12:28:29
286,286,93.16,CARD,SUCCESS,RHP20251003-3HAOT3,2024-09-07 08:39:48
287,287,98.16,CASH,SUCCESS,RHP20251003-ZJMQ44,2023-09-18 01:59:00
288,288,116.82,CASH,FAILED,RHP20251003-8WAXGT,2024-09-05 22:20:25
289,289,82.94,CASH,PENDING,RHP20251003-ZNU9YV,2024-03-01 15:29:28
290,290,69.56,WALLET,PENDING,RHP20251003-SLEHSG,2025-06-27 22:15:17
291,291,54.8,CASH,PENDING,RHP20251003-G0PHKD,2024-11-11 01:36:10
292,292,123.25,WALLET,FAILED,RHP20251003-RPWJ0Z,2025-06-26 15:14:20
293,293,88.16,CASH,PENDING,RHP20251003-00YP9S,2023-06-08 05:11:33
294,294,158.87,UPI,FAILED,RHP20251003-UNN69P,2025-01-17 12:12:29
295,295,105.88,CASH,FAILED,RHP20251003-34BCPH,2023-04-08 04:15:39
296,296,180.96,UPI,FAILED,RHP20251003-2BMQ2N,2023-02-02 04:53:31
297,297,110.93,UPI,FAILED,RHP20251003-01NQ3Y,2023-02-21 23:54:06
298,298,127.26,CARD,FAILED,RHP20251003-V8ZT9M,2025-01-23 16:27:18
299,299,47.4,CASH,PENDING,RHP20251003-Y669XV,2024-05-25 07:28:34
300,300,66.3,UPI,FAILED,RHP20251003-9D5K9Q,2023-02-26 21:51:14
301,301,99.79,WALLET,SUCCESS,RHP20251003-ZXWA9Q,2024-06-06 20:38:42
302,302,143.46,UPI,FAILED,RHP20251003-P11CPU,2025-07-25 22:14:06
303,303,73.44,CASH,SUCCESS,RHP20251003-8R1SW0,2024-09-30 01:34:16
304,304,86.4,UPI,FAILED,RHP20251003-5YG2PK,2023-03-12 22:13:00
305,305,70.2,CARD,SUCCESS,RHP20251003-QIORUS,2024-11-03 12:35:03
306,306,71.82,CASH,SUCCESS,RHP20251003-WCQ202,2024-03-01 06:42:27
307,307,121.58,CASH,PENDING,RHP20251003-GLKEKJ,2023-10-31 13:57:19
308,308,136.68,CASH,PENDING,RHP20251003-72W7KZ,2024-11-23 01:01:55
309,309,84.0,CARD,PENDING,RHP20251003-CPF7AJ,2023-08-07 09:42:41
310,310,53.72,UPI,FAILED,RHP20251003-3MVUUG,2025-07-14 20:42:50
311,311,113.82,CARD,SUCCESS,RHP20251003-GKMTTY,2025-02-13 02:26:11
312,312,104.75,CARD,FAILED,RHP20251003-N6GWHG,2025-06-22 19:25:04
313,313,87.87,CARD,PENDING,RHP20251003-0624TG,2024-05-15 14:58:29
314,314,264.18,CASH,FAILED,RHP20251003-H04KPM,2025-06-24 04:40:11
315,315,147.29,WALLET,FAILED,RHP20251003-TKMAVX,2024-03-08 00:12:07
316,316,108.06,UPI,FAILED,RHP20251003-WT2RHU,2024-10-09 16:19:01
317,317,52.55,CASH,PENDING,RHP20251003-G8N9TZ,2023-03-27 21:57:16
318,318,60.9,CASH,SUCCESS,RHP20251003-WQ4WLC,2025-07-07 13:05:16
319,319,66.6,CARD,PENDING,RHP20251003-NIP14G,2023-04-27 15:40:00
320,320,135.66,CARD,SUCCESS,RHP20251003-KRTWNG,2023-03-09 08:54:48
321,321,154.62,UPI,FAILED,RHP20251003-IOGIIH,2023-12-09 07:32:42
322,322,12.0,UPI,FAILED,RHP20251003-06QX07,2023-09-10 08:21:00
323,323,24.6,CARD,FAILED,RHP20251003-OKFGLL,2023-08-10 10:18:00
324,324,93.61,CASH,PENDING,RHP20251003-595WN6,2023-07-18 00:37:28
325,325,100.57,CASH,FAILED,RHP20251003-AKG3NC,2024-01-14 18:19:22
326,326,82.8,CASH,FAILED,RHP20251003-7WIDVF,2025-03-13 16:49:00
327,327,134.64,UPI,SUCCESS,RHP20251003-2IG1AE,2025-05-29 00:44:28
328,328,12.0,WALLET,SUCCESS,RHP20251003-DR6Y6G,2023-01-01 04:35:23
329,329,54.12,CARD,FAILED,RHP20251003-YRHGXB,2024-03-16 13:53:10
330,330,142.68,UPI,FAILED,RHP20251003-1UPTKW,2023-11-13 05:49:32
331,331,193.29,WALLET,SUCCESS,RHP20251003-4R2IJ7,2024-02-28 04:49:07
332,332,138.99,WALLET,FAILED,RHP20251003-3NLZ00,2023-03-23 13:38:37
333,333,179.69,WALLET,FAILED,RHP20251003-XJXJL3,2025-01-20 10:00:22
334,334,52.19,CARD,SUCCESS,RHP20251003-TPZ2MG,2025-07-11 23:19:16
335,335,150.48,CASH,PENDING,RHP20251003-CZOB3E,2024-06-27 18:09:15
336,336,63.92,CASH,PENDING,RHP20251003-R0W9DM,2025-04-16 07:09:07
337,337,124.27,WALLET,SUCCESS,RHP20251003-AT4K2K,2023-01-20 23:22:15
338,338,85.56,UPI,PENDING,RHP20251003-R3Q177,2025-07-11 05:37:47
339,339,132.34,WALLET,SUCCESS,RHP20251003-0WEHFT,2023-12-22 17:20:22
340,340,80.41,CASH,PENDING,RHP20251003-NSUKEC,2025-06-10 16:18:27
341,341,39.84,CASH,PENDING,RHP20251003-0T8T41,2023-04-19 01:49:47
342,342,111.35,WALLET,SUCCESS,RHP20251003-5BV3T6,2023-12-20 13:00:21
343,343,150.96,CASH,SUCCESS,RHP20251003-OYII3S,2023-05-18 08:33:53
344,344,134.82,CARD,FAILED,RHP20251003-60VEUV,2023-09-06 21:38:35
345,345,43.92,CARD,FAILED,RHP20251003-SCSKOS,2024-09-19 00:22:02
346,346,86.4,CASH,PENDING,RHP20251003-4HD9QW,2024-11-28 15:10:14
347,347,103.86,UPI,PENDING,RHP20251003-SJOQP5,2024-02-03 21:56:59
348,348,97.72,WALLET,PENDING,RHP20251003-87G3WO,2024-12-26 11:09:19
349,349,144.59,CASH,SUCCESS,RHP20251003-ECTBBY,2024-10-28 19:35:22
350,350,28.92,WALLET,PENDING,RHP20251003-7210OC,2024-09-03 20:47:25
